{"Epoch": 5, "Train Loss": 3.1793378591537476, "Train Accuracy": 91.66666666666667, "Validation Loss": 2.809539556503296, "Validation Accuracy": 100.0, "Learning Rate": 0.0001, "_timestamp": 1734321933.490505, "_runtime": 29.905193090438843, "_step": 4, "_wandb": {"runtime": 30}}